source,content
linkedin,Saw your post about automation just curious what your tool does.
referral,John from Acme suggested we contact you need a demo this week for rollout.
website,Having trouble integrating your API with our staging environment can someone help?
event,Met your team at TechExpo interested in enterprise licensing options.
cold_email,Not sure if this is relevant but we might explore tools like yours next quarter.
website,Ready to move forward send contract and onboarding steps.
partner,Client is comparing vendors need security documentation and SLA details.
linkedin,Loved your article on LLM cost optimization—can we chat about your training pause feature?
website,Where can I find the documentation for the Firebase webhooks?
referral,"Hey, I'm a friend of Carlin's. He said you guys help SFIT students with project management?"
event,Caught the keynote yesterday. Does your platform support multi-tenant architecture?
cold_email,Unsubscribe.
partner,Our mutual client is asking for a custom SOC2 report. Do you have a bridge letter?
website,Pricing page says 'Contact Us' for teams over 50. Can I get a quote for 200 seats?
linkedin,We are looking for a Prompt Refiner for a short-term contract. Are you open to freelance?
event,"Dropped my card at the booth. Interested in the ""ScholarSuite"" education ERP."
referral,"Our CTO mentioned your ""Synthetica"" patent. We'd like a technical deep dive."
cold_email,Follow up: Are you the right person to talk to regarding internal dev tools?
website,Is there a sandbox environment for the trial? We don't want to use production data.
partner,Lead passed from our sales team. They need a white-label version of your dashboard.
linkedin,Connecting from the Mumbai tech scene! Would love to grab coffee and talk shop.
website,Urgent: Payment failed for our monthly subscription. Need to update the billing admin.
event,"I missed the demo at the booth, but my colleague said your UI is best-in-class. Send info?"
cold_email,"Just saw your ""INDRA"" branding. Are you looking for distribution partners in West Africa?"
referral,Referred by the L&T team. Looking for a high-performance website build like the one you did.
website,System is throwing a 403 error on the /auth endpoint. Please advise.
partner,"We are finalizing the RFP for a government project. Need your input on the ""AYUSH"" section."
linkedin,Do you have any open roles for Junior Web Developers or interns this summer?
event,"Great seeing you at the Hackathon! How’s the ""CatCode"" progress coming along?"
website,Can I cancel my demo for tomorrow and reschedule for next Monday at 10 AM?